bucket,label,clip,path,width,height,codec,nb_frames,duration_s,real_fps,container_r_frame_rate
FlasePositives,negative,FP_Ch42_1_2026-08-05_125822.mp4,all_video_data/FlasePositives/MergedExtracted/FP_Ch42_1_2026-08-05_125822.mp4,1360,768,h264,24974,1664.58,15.003,300/1
FlasePositives,negative,FP_Ch42_1_2026-08-05_154423.mp4,all_video_data/FlasePositives/MergedExtracted/FP_Ch42_1_2026-08-05_154423.mp4,1360,768,h264,16686,1112.283,15.002,300/1
FlasePositives,negative,FP_Ch42_1_2026-08-06_060004.mp4,all_video_data/FlasePositives/MergedExtracted/FP_Ch42_1_2026-08-06_060004.mp4,1360,768,h264,12434,828.713,15.004,300/1
FlasePositives,negative,FP_Ch47_2_2026-08-06_071016.mp4,all_video_data/FlasePositives/MergedExtracted/FP_Ch47_2_2026-08-06_071016.mp4,1360,768,h264,20926,1395.14,14.999,300/1
FlasePositives,negative,FP_Ch48_1_2026-08-05_031559.mp4,all_video_data/FlasePositives/MergedExtracted/FP_Ch48_1_2026-08-05_031559.mp4,1360,768,h264,12395,826.313,15.0,300/1
FlasePositives,negative,FP_Ch48_1_2026-08-05_065539.mp4,all_video_data/FlasePositives/MergedExtracted/FP_Ch48_1_2026-08-05_065539.mp4,1360,768,h264,12409,827.063,15.004,300/1
FlasePositives,negative,FP_Ch55_1_2026-08-04_175304.mp4,all_video_data/FlasePositives/MergedExtracted/FP_Ch55_1_2026-08-04_175304.mp4,1360,768,h264,20770,1384.36,15.003,300/1
FlasePositives,negative,FP_Ch56_1_2026-08-05_181000.mp4,all_video_data/FlasePositives/MergedExtracted/FP_Ch56_1_2026-08-05_181000.mp4,1360,768,h264,12475,831.653,15.0,300/1
FlasePositives,negative,FP_Ch58_1_2026-08-04_190523.mp4,all_video_data/FlasePositives/MergedExtracted/FP_Ch58_1_2026-08-04_190523.mp4,1360,768,h264,12606,840.227,15.003,300/1
FlasePositives,negative,FP_Ch58_2_2026-08-05_144652.mp4,all_video_data/FlasePositives/MergedExtracted/FP_Ch58_2_2026-08-05_144652.mp4,1280,720,hevc,12480,1247.773,10.002,300/1
FlasePositives,negative,FP_Ch58_2_2026-08-05_191724.mp4,all_video_data/FlasePositives/MergedExtracted/FP_Ch58_2_2026-08-05_191724.mp4,1280,720,hevc,8279,827.73,10.002,300/1
FlasePositives,negative,FP_Ch58_2_2026-08-06_014952.mp4,all_video_data/FlasePositives/MergedExtracted/FP_Ch58_2_2026-08-06_014952.mp4,1280,720,hevc,12390,1238.813,10.002,300/1
FlasePositives,negative,FP_Ch58_2_2026-08-06_060559.mp4,all_video_data/FlasePositives/MergedExtracted/FP_Ch58_2_2026-08-06_060559.mp4,1280,720,hevc,12381,1238.027,10.001,300/1
NVR_manual_records,unlabeled,HB_Ch41_1_2026-08-19_075208.mp4,all_video_data/NVR_manual_records/MergedExtracted/HB_Ch41_1_2026-08-19_075208.mp4,1360,768,h264,16760,830.407,20.183,300/1
NVR_manual_records,unlabeled,HB_Ch41_1_2026-08-19_174544.mp4,all_video_data/NVR_manual_records/MergedExtracted/HB_Ch41_1_2026-08-19_174544.mp4,1360,768,h264,16698,834.19,20.017,300/1
NVR_manual_records,unlabeled,HB_Ch42_1_2026-08-18_150602.mp4,all_video_data/NVR_manual_records/MergedExtracted/HB_Ch42_1_2026-08-18_150602.mp4,1360,768,h264,8247,415.323,19.857,300/1
NVR_manual_records,unlabeled,HB_Ch42_1_2026-08-19_041600.mp4,all_video_data/NVR_manual_records/MergedExtracted/HB_Ch42_1_2026-08-19_041600.mp4,1360,768,h264,8276,410.22,20.175,300/1
NVR_manual_records,unlabeled,HB_Ch42_1_2026-08-19_060607.mp4,all_video_data/NVR_manual_records/MergedExtracted/HB_Ch42_1_2026-08-19_060607.mp4,1360,768,h264,8234,415.227,19.83,300/1
NVR_manual_records,unlabeled,HB_Ch42_1_2026-08-19_061802.mp4,all_video_data/NVR_manual_records/MergedExtracted/HB_Ch42_1_2026-08-19_061802.mp4,1360,768,h264,8456,421.363,20.068,300/1
NVR_manual_records,unlabeled,HB_Ch42_1_2026-08-19_072502.mp4,all_video_data/NVR_manual_records/MergedExtracted/HB_Ch42_1_2026-08-19_072502.mp4,1360,768,h264,12659,634.533,19.95,300/1
NVR_manual_records,unlabeled,HB_Ch43_1_2026-08-19_013834.mp4,all_video_data/NVR_manual_records/MergedExtracted/HB_Ch43_1_2026-08-19_013834.mp4,1360,768,h264,12607,525.177,24.005,300/1
NVR_manual_records,unlabeled,HB_Ch43_1_2026-08-19_053029.mp4,all_video_data/NVR_manual_records/MergedExtracted/HB_Ch43_1_2026-08-19_053029.mp4,1360,768,h264,8288,345.247,24.006,300/1
NVR_manual_records,unlabeled,HB_Ch44_1_2026-08-19_182130.mp4,all_video_data/NVR_manual_records/MergedExtracted/HB_Ch44_1_2026-08-19_182130.mp4,1360,768,h264,8407,413.687,20.322,300/1
NVR_manual_records,unlabeled,HB_Ch46_1_2026-08-19_040530.mp4,all_video_data/NVR_manual_records/MergedExtracted/HB_Ch46_1_2026-08-19_040530.mp4,1360,768,h264,8427,414.327,20.339,300/1
NVR_manual_records,unlabeled,HB_Ch46_1_2026-08-19_175148.mp4,all_video_data/NVR_manual_records/MergedExtracted/HB_Ch46_1_2026-08-19_175148.mp4,1360,768,h264,12579,611.557,20.569,300/1
NVR_manual_records,unlabeled,HB_Ch52.1_2026-08-19_005052.mp4,all_video_data/NVR_manual_records/MergedExtracted/HB_Ch52.1_2026-08-19_005052.mp4,1360,768,h264,8200,341.543,24.009,300/1
NVR_manual_records,unlabeled,HB_Ch52.1_2026-08-19_054742.mp4,all_video_data/NVR_manual_records/MergedExtracted/HB_Ch52.1_2026-08-19_054742.mp4,1360,768,h264,12624,525.877,24.006,300/1
NVR_manual_records,unlabeled,HB_Ch54.1_2026-08-19_200010.mp4,all_video_data/NVR_manual_records/MergedExtracted/HB_Ch54.1_2026-08-19_200010.mp4,1360,768,h264,8297,450.09,18.434,300/1
NVR_manual_records,unlabeled,HB_Ch55_2_2026-08-19_025230.mp4,all_video_data/NVR_manual_records/MergedExtracted/HB_Ch55_2_2026-08-19_025230.mp4,1360,768,h264,12582,618.21,20.352,300/1
NVR_manual_records,unlabeled,HB_Ch56_2_2026-08-19_040112.mp4,all_video_data/NVR_manual_records/MergedExtracted/HB_Ch56_2_2026-08-19_040112.mp4,1360,768,h264,16689,828.11,20.153,300/1
NVR_manual_records,unlabeled,HB_Ch56_2_2026-08-19_175200.mp4,all_video_data/NVR_manual_records/MergedExtracted/HB_Ch56_2_2026-08-19_175200.mp4,1360,768,h264,4282,212.717,20.13,300/1
NVR_manual_records,unlabeled,HB_Ch57_2_2026-08-18_033629.mp4,all_video_data/NVR_manual_records/MergedExtracted/HB_Ch57_2_2026-08-18_033629.mp4,1360,768,h264,12607,525.17,24.006,300/1
NVR_manual_records,unlabeled,HB_Ch61.1_2026-08-19_084700.mp4,all_video_data/NVR_manual_records/MergedExtracted/HB_Ch61.1_2026-08-19_084700.mp4,1360,768,h264,12420,517.743,23.989,300/1
NVR_manual_records,unlabeled,HB_Ch66.2_2026-08-19_113057.mp4,all_video_data/NVR_manual_records/MergedExtracted/HB_Ch66.2_2026-08-19_113057.mp4,1360,768,h264,8436,351.42,24.005,300/1
NVR_manual_records,unlabeled,HB_Ch68.2_2026-08-19_061000.mp4,all_video_data/NVR_manual_records/MergedExtracted/HB_Ch68.2_2026-08-19_061000.mp4,1360,768,h264,8324,346.717,24.008,300/1
NVR_manual_records,unlabeled,HB_Ch70.1_2026-08-19_030559.mp4,all_video_data/NVR_manual_records/MergedExtracted/HB_Ch70.1_2026-08-19_030559.mp4,1360,768,h264,16864,702.54,24.004,300/1
NVR_manual_records,unlabeled,HB_Ch70.1_2026-08-19_141343.mp4,all_video_data/NVR_manual_records/MergedExtracted/HB_Ch70.1_2026-08-19_141343.mp4,1360,768,h264,12628,526.047,24.005,300/1
NewTPRecords,positive,TP_Ch53_1_2026-08-26_123330.mp4,all_video_data/NewTPRecords/MergedExtracted/TP_Ch53_1_2026-08-26_123330.mp4,1360,768,h264,8389,437.17,19.189,300/1
NewTPRecords,positive,TP_Ch53_1_2026-08-26_124000.mp4,all_video_data/NewTPRecords/MergedExtracted/TP_Ch53_1_2026-08-26_124000.mp4,1360,768,h264,8293,457.18,18.139,300/1
NewTPRecords,positive,TP_Ch53_2_2026-08-26_123330.mp4,all_video_data/NewTPRecords/MergedExtracted/TP_Ch53_2_2026-08-26_123330.mp4,1360,768,h264,8243,351.12,23.476,300/1
NewTPRecords,positive,TP_Ch53_2_2026-08-26_124000.mp4,all_video_data/NewTPRecords/MergedExtracted/TP_Ch53_2_2026-08-26_124000.mp4,1360,768,h264,12516,541.397,23.118,300/1
TrueFalls,positive,TP_Ch44_1_2026-08-06_065511.mp4,all_video_data/TrueFalls/MergedExtracted/TP_Ch44_1_2026-08-06_065511.mp4,1360,768,h264,16704,1113.423,15.002,300/1
